PRES (dbar),TEMP (°C),SAL (psu),COND (mS/cm),OXY (µmol/kg),TIME,FLUO (ug/L),TURB (NTU),PH,LAT (°N),LON (°E)
1.8893636363636366,17.38060322894752,35.41983742447131,45.76102434289952,239.552781046073,2026-06-25 00:06:35.484348,NaN,NaN,NaN,-34.538654666666666,17.678499666666667
2.0834999999999995,17.380272631649742,35.41983742447131,45.76075679249403,239.45775439103312,2026-06-25 00:06:34.888292,NaN,NaN,NaN,-34.538654666666666,17.678499666666667
2.30688,17.380477897040155,35.41985954402681,45.762250090661475,239.5211423242738,2026-06-25 00:06:33.912213,NaN,NaN,NaN,-34.538654666666666,17.678499666666667
2.4846190476190477,17.380893408298448,35.41986632199049,45.762983970465946,239.4505637803381,2026-06-25 00:06:33.520791,NaN,NaN,NaN,-34.538654666666666,17.678499666666667
2.6895,17.381018912715675,35.41986632199049,45.76356772204045,239.55826181364995,2026-06-25 00:06:33.061684,NaN,NaN,NaN,-34.538654666666666,17.678499666666667
2.9139999999999997,17.380481106836086,35.41986632199049,45.76436778974287,239.57526857908024,2026-06-25 00:06:32.180664,NaN,NaN,NaN,-34.538654666666666,17.678499666666667
3.0700000000000003,17.37938537586074,35.41985828818281,45.763682868102315,239.59155277890542,2026-06-25 00:06:32.097352,NaN,NaN,NaN,-34.538654666666666,17.678499666666667
3.3146249999999995,17.376153926983687,35.419818731017145,45.76073960073169,239.61559414330134,2026-06-25 00:06:31.724533,NaN,NaN,NaN,-34.538654666666666,17.678499666666667
3.50525,17.37542915114001,35.41974059698481,45.75989788724464,239.62027281120356,2026-06-25 00:06:31.268402,NaN,NaN,NaN,-34.538654666666666,17.678499666666667
3.6934545454545455,17.376252490915643,35.419660878439444,45.76063135847188,239.6071374645522,2026-06-25 00:06:30.876458,NaN,NaN,NaN,-34.538654666666666,17.678499666666667
3.9077999999999995,17.377832696529858,35.41954870445942,45.76181438211673,239.58562055984734,2026-06-25 00:06:30.354473,NaN,NaN,NaN,-34.538654666666666,17.678499666666667
4.0747,17.380250804016317,35.41940370157979,45.762561154792834,239.46513030280664,2026-06-25 00:06:29.636327,NaN,NaN,NaN,-34.538654666666666,17.678499666666667
4.269299999999999,17.382495882417647,35.419306037050106,45.76337694228928,239.2042212917715,2026-06-25 00:06:29.071474,NaN,NaN,NaN,-34.538654666666666,17.678499666666667
4.4854,17.38210457920269,35.41928439881684,45.76247291658342,239.56047674366556,2026-06-25 00:06:28.421644,NaN,NaN,NaN,-34.538654666666666,17.678499666666667
4.694166666666667,17.381960885670928,35.41928439881684,45.76355775757264,239.5773569470591,2026-06-25 00:06:28.198369,NaN,NaN,NaN,-34.538654666666666,17.678499666666667
4.9175,17.381461027507093,35.41928439881684,45.76580221421412,239.59052556270953,2026-06-25 00:06:27.831798,NaN,NaN,NaN,-34.538654666666666,17.678499666666667
5.100285714285715,17.38129410335546,35.41929436587635,45.76574002980782,239.5887542583402,2026-06-25 00:06:27.746106,NaN,NaN,NaN,-34.538654666666666,17.678499666666667
5.278909090909091,17.3791938015305,35.41939002092866,45.76392623203139,239.25054919558863,2026-06-25 00:06:26.086798,NaN,NaN,NaN,-34.538654666666666,17.678499666666667
5.4891578947368425,17.379166317957925,35.41939002092866,45.76324492290925,239.6143372111961,2026-06-25 00:06:25.383751,NaN,NaN,NaN,-34.538654666666666,17.678499666666667
5.688806451612902,17.37937887501721,35.41939002092866,45.762573607532,239.6120365436163,2026-06-25 00:06:24.400434,NaN,NaN,NaN,-34.538654666666666,17.678499666666667
5.851166666666667,17.378906071840603,35.41932817241053,45.76150698786054,239.6198382029039,2026-06-25 00:06:23.203837,NaN,NaN,NaN,-34.538654666666666,17.678499666666667
6.156499999999999,17.37852215010333,35.419310577930915,45.7618129311787,239.4366461555635,2026-06-25 00:06:22.308237,NaN,NaN,NaN,-34.538654666666666,17.678499666666667
6.2255,17.378685224908104,35.419310577930915,45.762645754767846,239.46605404530058,2026-06-25 00:06:22.158276,NaN,NaN,NaN,-34.538654666666666,17.678499666666667
6.477875,17.379497455522987,35.419310577930915,45.76452500140478,239.62016006976276,2026-06-25 00:06:21.802119,NaN,NaN,NaN,-34.538654666666666,17.678499666666667
6.675999999999999,17.380508342489232,35.419338674021546,45.76585935499429,239.60952082644133,2026-06-25 00:06:21.550102,NaN,NaN,NaN,-34.538654666666666,17.678499666666667
6.898,17.381518156677128,35.419396074591,45.76650979211506,239.4144981592663,2026-06-25 00:06:21.177282,NaN,NaN,NaN,-34.538654666666666,17.678499666666667
7.086272727272728,17.381594927674445,35.419475102193154,45.766225261869266,239.2341579463415,2026-06-25 00:06:20.724559,NaN,NaN,NaN,-34.538654666666666,17.678499666666667
7.289315789473683,17.381510452014073,35.419597433638714,45.76626326027707,239.4482827519,2026-06-25 00:06:19.970689,NaN,NaN,NaN,-34.538654666666666,17.678499666666667
7.490350000000001,17.381787376894177,35.419597433638714,45.76701854065471,239.2344562604437,2026-06-25 00:06:19.141563,NaN,NaN,NaN,-34.538654666666666,17.678499666666667
7.677583333333334,17.382460504611917,35.419597433638714,45.767335743769785,239.60887040467722,2026-06-25 00:06:18.267624,NaN,NaN,NaN,-34.538654666666666,17.678499666666667
7.928999999999999,17.38225493295132,35.4195681322734,45.767352188385345,239.26970389060872,2026-06-25 00:06:17.724432,NaN,NaN,NaN,-34.538654666666666,17.678499666666667
8.067833333333333,17.382162835488618,35.41952663034012,45.76736307095598,239.27493975368645,2026-06-25 00:06:17.513654,NaN,NaN,NaN,-34.538654666666666,17.678499666666667
8.318142857142856,17.38207458021825,35.41923639101736,45.767206430155845,239.29478535806865,2026-06-25 00:06:16.509749,NaN,NaN,NaN,-34.538654666666666,17.678499666666667
8.486473684210527,17.381331753995283,35.41905589377963,45.76572357762202,239.61914123373896,2026-06-25 00:06:15.903328,NaN,NaN,NaN,-34.538654666666666,17.678499666666667
8.6859,17.380929716389772,35.418861493646645,45.7649878799176,239.25917645993349,2026-06-25 00:06:15.105115,NaN,NaN,NaN,-34.538654666666666,17.678499666666667
8.8835,17.381079622865105,35.41878463967864,45.76534047380137,239.5818185807796,2026-06-25 00:06:14.416544,NaN,NaN,NaN,-34.538654666666666,17.678499666666667
9.069416666666667,17.38121403434385,35.41878463967864,45.765936164555264,239.26457916460512,2026-06-25 00:06:13.685485,NaN,NaN,NaN,-34.538654666666666,17.678499666666667
9.281666666666665,17.380844512780893,35.41878463967864,45.76590000303926,239.26522347649214,2026-06-25 00:06:13.274481,NaN,NaN,NaN,-34.538654666666666,17.678499666666667
9.499444444444444,17.380687034025136,35.418905220366526,45.76603196553222,239.32661240145822,2026-06-25 00:06:12.691300,NaN,NaN,NaN,-34.538654666666666,17.678499666666667
9.676375,17.380619341324895,35.41894987967659,45.766123866228796,239.4320600091765,2026-06-25 00:06:12.485798,NaN,NaN,NaN,-34.538654666666666,17.678499666666667
9.893,17.381148487980585,35.419079674254505,45.765973048901174,239.63911952456618,2026-06-25 00:06:12.043056,NaN,NaN,NaN,-34.538654666666666,17.678499666666667
10.1178,17.38095520081627,35.41926873481108,45.76570391487164,239.64373640003072,2026-06-25 00:06:11.461065,NaN,NaN,NaN,-34.538654666666666,17.678499666666667
10.319,17.380591853491637,35.41937459088005,45.765520777503546,239.65317006210194,2026-06-25 00:06:11.136149,NaN,NaN,NaN,-34.538654666666666,17.678499666666667
10.499181818181818,17.380080888726187,35.41946484540956,45.76539941389583,239.46587564703384,2026-06-25 00:06:10.849860,NaN,NaN,NaN,-34.538654666666666,17.678499666666667
10.71,17.378783307839168,35.41962023944075,45.7651853602157,239.48620896661305,2026-06-25 00:06:10.311364,NaN,NaN,NaN,-34.538654666666666,17.678499666666667
10.871625,17.378594739516373,35.41965991166412,45.76566026751948,239.67518609122658,2026-06-25 00:06:10.136410,NaN,NaN,NaN,-34.538654666666666,17.678499666666667
11.105428571428572,17.378581405458945,35.41974639359598,45.766762289924486,239.5204878925379,2026-06-25 00:06:09.700809,NaN,NaN,NaN,-34.538654666666666,17.678499666666667
11.2805,17.37914359295631,35.41979288196946,45.76734990876447,239.3049267753852,2026-06-25 00:06:09.316624,NaN,NaN,NaN,-34.538654666666666,17.678499666666667
11.4382,17.379674160952554,35.41982489560845,45.76771590433536,239.2991566990795,2026-06-25 00:06:09.066689,NaN,NaN,NaN,-34.538654666666666,17.678499666666667
11.667555555555557,17.380182172805704,35.419840323966795,45.76769897186054,239.39063935272532,2026-06-25 00:06:08.575706,NaN,NaN,NaN,-34.538654666666666,17.678499666666667
11.866166666666667,17.380300997614864,35.419840323966795,45.767016551307854,239.66912329904656,2026-06-25 00:06:08.170256,NaN,NaN,NaN,-34.538654666666666,17.678499666666667
12.068125000000002,17.38091558837733,35.419840323966795,45.76623809008393,239.3006461689524,2026-06-25 00:06:07.662055,NaN,NaN,NaN,-34.538654666666666,17.678499666666667
12.2835,17.38214516150469,35.4198203903591,45.76743204727361,239.28982124513482,2026-06-25 00:06:07.172183,NaN,NaN,NaN,-34.538654666666666,17.678499666666667
12.472857142857142,17.382377941162492,35.41980246670533,45.768750315888646,239.28833710160117,2026-06-25 00:06:06.773001,NaN,NaN,NaN,-34.538654666666666,17.678499666666667
12.704285714285714,17.381696250039607,35.419782059603754,45.7697681545868,239.3002641331052,2026-06-25 00:06:06.337400,NaN,NaN,NaN,-34.538654666666666,17.678499666666667
12.84225,17.381747536104776,35.41976810728362,45.77010292391519,239.2926448758349,2026-06-25 00:06:06.056224,NaN,NaN,NaN,-34.538654666666666,17.678499666666667
13.119333333333335,17.382153939207083,35.41974312522073,45.76975564726762,239.3027221974401,2026-06-25 00:06:05.620920,NaN,NaN,NaN,-34.538654666666666,17.678499666666667
13.297875000000001,17.382288871112817,35.41973521404125,45.76973912036656,239.29647661636605,2026-06-25 00:06:05.493870,NaN,NaN,NaN,-34.538654666666666,17.678499666666667
13.522428571428568,17.380922793663782,35.41968706281632,45.76892433865042,239.31656975170392,2026-06-25 00:06:04.909201,NaN,NaN,NaN,-34.538654666666666,17.678499666666667
13.726571428571429,17.381322719638856,35.41964135967822,45.769296788369466,239.64123570346467,2026-06-25 00:06:04.559292,NaN,NaN,NaN,-34.538654666666666,17.678499666666667
13.879600000000003,17.38114361037166,35.4195965229177,45.76930447800067,239.31349849732243,2026-06-25 00:06:04.184628,NaN,NaN,NaN,-34.538654666666666,17.678499666666667
14.076411764705883,17.381978413646515,35.41948518862846,45.770009173897904,239.3131092451765,2026-06-25 00:06:03.446977,NaN,NaN,NaN,-34.538654666666666,17.678499666666667
14.279363636363634,17.38243274854416,35.41937910335993,45.7702787660941,239.30909701560864,2026-06-25 00:06:02.747427,NaN,NaN,NaN,-34.538654666666666,17.678499666666667
14.446000000000002,17.3827966899548,35.419306209534355,45.77046943125332,239.6732246744997,2026-06-25 00:06:02.223473,NaN,NaN,NaN,-34.538654666666666,17.678499666666667
14.682166666666667,17.382992580059767,35.41927996677274,45.77024984062833,239.4619128073182,2026-06-25 00:06:01.796917,NaN,NaN,NaN,-34.538654666666666,17.678499666666667
14.882874999999999,17.383040670055138,35.41927996677274,45.77032187327149,239.3937137358749,2026-06-25 00:06:01.376194,NaN,NaN,NaN,-34.538654666666666,17.678499666666667
15.044999999999998,17.383022739772596,35.41927996677274,45.7703468079229,239.30890058907437,2026-06-25 00:06:01.198740,NaN,NaN,NaN,-34.538654666666666,17.678499666666667
15.252500000000001,17.383113696712016,35.41932228742611,45.77000393770446,239.31445584049027,2026-06-25 00:06:00.813840,NaN,NaN,NaN,-34.538654666666666,17.678499666666667
15.47857142857143,17.383068326851596,35.41933870134913,45.76983273709788,239.61555714501262,2026-06-25 00:06:00.710296,NaN,NaN,NaN,-34.538654666666666,17.678499666666667
15.66625,17.382734850957196,35.41940302830048,45.76964753579271,239.32361548505733,2026-06-25 00:06:00.388951,NaN,NaN,NaN,-34.538654666666666,17.678499666666667
15.89914285714286,17.381941065579305,35.419468886816716,45.769805209465,239.70109960437227,2026-06-25 00:06:00.153298,NaN,NaN,NaN,-34.538654666666666,17.678499666666667
16.109,17.380882856377312,35.41958982797725,45.77021934240922,239.3440896403801,2026-06-25 00:05:59.779110,NaN,NaN,NaN,-34.538654666666666,17.678499666666667
16.286,17.38080739672252,35.41963052739688,45.77037882872704,239.71836947510326,2026-06-25 00:05:59.669138,NaN,NaN,NaN,-34.538654666666666,17.678499666666667
16.50525,17.381171625332062,35.419762853364354,45.770781933624484,239.57071704833862,2026-06-25 00:05:59.339224,NaN,NaN,NaN,-34.538654666666666,17.678499666666667
16.6875,17.381141749716193,35.419876113588735,45.77067293005198,239.34954247823853,2026-06-25 00:05:59.089290,NaN,NaN,NaN,-34.538654666666666,17.678499666666667
16.910714285714285,17.380964401903856,35.41995296410336,45.77067040569285,239.52898184316365,2026-06-25 00:05:58.925047,NaN,NaN,NaN,-34.538654666666666,17.678499666666667
17.077333333333332,17.380065527138978,35.42015113988871,45.770826375025884,239.64929944330072,2026-06-25 00:05:58.522771,NaN,NaN,NaN,-34.538654666666666,17.678499666666667
17.29,17.380310632169028,35.42028966948397,45.77107706332349,239.36654131028587,2026-06-25 00:05:58.253793,NaN,NaN,NaN,-34.538654666666666,17.678499666666667
17.51033333333333,17.38120494075933,35.42047024754274,45.77153291969762,239.62116824665202,2026-06-25 00:05:57.906265,NaN,NaN,NaN,-34.538654666666666,17.678499666666667
17.678833333333333,17.38135510721194,35.42049202043392,45.771600380019784,239.35082986622183,2026-06-25 00:05:57.864609,NaN,NaN,NaN,-34.538654666666666,17.678499666666667
17.863,17.381094864426238,35.42072476494704,45.77189715152021,239.35746135945573,2026-06-25 00:05:57.414726,NaN,NaN,NaN,-34.538654666666666,17.678499666666667
18.066166666666664,17.38085302609302,35.42077488428324,45.77173503857791,239.36447854074612,2026-06-25 00:05:57.314752,NaN,NaN,NaN,-34.538654666666666,17.678499666666667
18.282857142857143,17.38028943356312,35.42095609850395,45.771145460565435,239.3681390975919,2026-06-25 00:05:56.946991,NaN,NaN,NaN,-34.538654666666666,17.678499666666667
18.499,17.380169888756463,35.421093447438075,45.771334666556115,239.43334658220633,2026-06-25 00:05:56.652425,NaN,NaN,NaN,-34.538654666666666,17.678499666666667
18.70075,17.380098273195383,35.421170457968856,45.77188999927764,239.37421845585618,2026-06-25 00:05:56.477470,NaN,NaN,NaN,-34.538654666666666,17.678499666666667
18.882,17.380065192969674,35.42120842190463,45.77218503610257,239.38006349202197,2026-06-25 00:05:56.389993,NaN,NaN,NaN,-34.538654666666666,17.678499666666667
19.09375,17.380095850270322,35.421303706753704,45.77253717297522,239.37828922584833,2026-06-25 00:05:56.152555,NaN,NaN,NaN,-34.538654666666666,17.678499666666667
19.294249999999998,17.380121362360413,35.421332841861556,45.77260041543799,239.38048335981085,2026-06-25 00:05:56.077575,NaN,NaN,NaN,-34.538654666666666,17.678499666666667
19.47214285714286,17.379924947366252,35.42148494054521,45.772329671669745,239.38122791197225,2026-06-25 00:05:55.625907,NaN,NaN,NaN,-34.538654666666666,17.678499666666667
19.686833333333333,17.3798579392156,35.42155010477723,45.77212484750845,239.38922435481513,2026-06-25 00:05:55.390254,NaN,NaN,NaN,-34.538654666666666,17.678499666666667
19.876333333333335,17.38043891148861,35.42157702699655,45.77216920427148,239.38682684697832,2026-06-25 00:05:55.240293,NaN,NaN,NaN,-34.538654666666666,17.678499666666667
20.108625,17.380538462609945,35.42163758889885,45.77205517084461,239.38715339430553,2026-06-25 00:05:55.002855,NaN,NaN,NaN,-34.538654666666666,17.678499666666667
20.307333333333332,17.382176124359777,35.421701165362,45.77334632476487,239.37377353152417,2026-06-25 00:05:54.523813,NaN,NaN,NaN,-34.538654666666666,17.678499666666667
20.4295,17.382035105548507,35.421701165362,45.773398130718405,239.71443852699306,2026-06-25 00:05:54.502985,NaN,NaN,NaN,-34.538654666666666,17.678499666666667
20.644375,17.381443494804003,35.421701165362,45.774259780742256,239.7500164989901,2026-06-25 00:05:54.190567,NaN,NaN,NaN,-34.538654666666666,17.678499666666667
20.839,17.38046473896139,35.42169653892091,45.774523990374476,239.57951892641324,2026-06-25 00:05:53.890645,NaN,NaN,NaN,-34.538654666666666,17.678499666666667
21.0275,17.380107986583262,35.42167852330128,45.774272940982215,239.48004455056528,2026-06-25 00:05:53.728187,NaN,NaN,NaN,-34.538654666666666,17.678499666666667
21.295555555555556,17.37994621978187,35.4216177977826,45.77369871836453,239.40364635605468,2026-06-25 00:05:53.424100,NaN,NaN,NaN,-34.538654666666666,17.678499666666667
21.5076,17.379566660536092,35.4215555033371,45.773498988945505,239.41014767196575,2026-06-25 00:05:53.160835,NaN,NaN,NaN,-34.538654666666666,17.678499666666667
21.651,17.379337272474476,35.421438789830056,45.77387358253425,239.41308724125716,2026-06-25 00:05:52.800929,NaN,NaN,NaN,-34.538654666666666,17.678499666666667
21.882499999999997,17.37972533365947,35.421366316057444,45.774333378607,239.41134846157192,2026-06-25 00:05:52.607646,NaN,NaN,NaN,-34.538654666666666,17.678499666666667
22.308857142857143,17.382130096648385,35.42121117846729,45.7768209225485,239.3925594264123,2026-06-25 00:05:52.248216,NaN,NaN,NaN,-34.538654666666666,17.678499666666667
22.5454,17.384807685723313,35.42101208203237,45.77868479257805,239.68278029606833,2026-06-25 00:05:51.831182,NaN,NaN,NaN,-34.538654666666666,17.678499666666667
22.6822,17.384708803947067,35.42099213953234,45.77860807122555,239.37286487476914,2026-06-25 00:05:51.791192,NaN,NaN,NaN,-34.538654666666666,17.678499666666667
22.9565,17.385124731375775,35.42080785907037,45.778807496360805,239.38125868946048,2026-06-25 00:05:51.416290,NaN,NaN,NaN,-34.538654666666666,17.678499666666667
23.067200000000003,17.38560333877249,35.42073920168783,45.778877711121574,239.44363606549575,2026-06-25 00:05:51.271327,NaN,NaN,NaN,-34.538654666666666,17.678499666666667
23.291400000000003,17.38638807072845,35.42061900120138,45.77886730074683,239.372847776374,2026-06-25 00:05:51.011395,NaN,NaN,NaN,-34.538654666666666,17.678499666666667
23.514333333333337,17.386960565253805,35.420480001356985,45.77924687771905,239.36566906173456,2026-06-25 00:05:50.674816,NaN,NaN,NaN,-34.538654666666666,17.678499666666667
23.6464,17.386906598349064,35.42047605088153,45.779226295266774,239.371137180202,2026-06-25 00:05:50.661486,NaN,NaN,NaN,-34.538654666666666,17.678499666666667
23.909,17.38632826292417,35.420367328984845,45.779067093357085,239.38352685051225,2026-06-25 00:05:50.341570,NaN,NaN,NaN,-34.538654666666666,17.678499666666667
24.10525,17.385879818403485,35.42032417336681,45.778471977655514,239.39111935525943,2026-06-25 00:05:50.179112,NaN,NaN,NaN,-34.538654666666666,17.678499666666667
24.299666666666667,17.385566841734903,35.42028153240713,45.77767170364867,239.38289489615997,2026-06-25 00:05:49.974999,NaN,NaN,NaN,-34.538654666666666,17.678499666666667
24.415,17.385579873860763,35.420279598960725,45.777751915771034,239.3895797423258,2026-06-25 00:05:49.991661,NaN,NaN,NaN,-34.538654666666666,17.678499666666667
24.744999999999994,17.38516466446254,35.42024496646332,45.776600570540914,239.4014590906433,2026-06-25 00:05:49.741726,NaN,NaN,NaN,-34.538654666666666,17.678499666666667
24.876,17.384770009525628,35.42023998528135,45.77636319075258,239.40941220640482,2026-06-25 00:05:49.658415,NaN,NaN,NaN,-34.538654666666666,17.678499666666667
25.07075,17.384179903172807,35.42023968956175,45.77602947588851,239.41209324695518,2026-06-25 00:05:49.491791,NaN,NaN,NaN,-34.538654666666666,17.678499666666667
25.338,17.383752159623402,35.42023968956175,45.77645260383807,239.41175509095254,2026-06-25 00:05:49.241856,NaN,NaN,NaN,-34.538654666666666,17.678499666666667
25.48075,17.383863568448273,35.42023968956175,45.77662812010129,239.4165790680021,2026-06-25 00:05:49.191869,NaN,NaN,NaN,-34.538654666666666,17.678499666666667
25.82725,17.384043254150644,35.4202604321613,45.77694908298754,239.41947753181233,2026-06-25 00:05:49.029412,NaN,NaN,NaN,-34.538654666666666,17.678499666666667
26.097999999999995,17.383895136662797,35.420297319871324,45.777109688277804,239.42885811319738,2026-06-25 00:05:48.801971,NaN,NaN,NaN,-34.538654666666666,17.678499666666667
26.217,17.383537870261243,35.420326200591205,45.777004593396974,239.43158942114422,2026-06-25 00:05:48.667006,NaN,NaN,NaN,-34.538654666666666,17.678499666666667
26.46225,17.38281993062611,35.4203804771569,45.77688999413735,239.43554830583446,2026-06-25 00:05:48.467058,NaN,NaN,NaN,-34.538654666666666,17.678499666666667
26.744500000000002,17.382371050482433,35.42043634331789,45.77683775151948,239.44435978709188,2026-06-25 00:05:48.242117,NaN,NaN,NaN,-34.538654666666666,17.678499666666667
26.965,17.38245923330083,35.420454838393255,45.7768687989378,239.44252739160046,2026-06-25 00:05:48.292104,NaN,NaN,NaN,-34.538654666666666,17.678499666666667
27.10125,17.38221648218969,35.42049079345291,45.77681503479207,239.72124653357034,2026-06-25 00:05:48.142143,NaN,NaN,NaN,-34.538654666666666,17.678499666666667
27.3076,17.382132517615553,35.42059879246823,45.77718571854824,239.44803550874568,2026-06-25 00:05:47.872213,NaN,NaN,NaN,-34.538654666666666,17.678499666666667
27.4465,17.382184548101016,35.42064375043431,45.77747192611787,239.45250711612596,2026-06-25 00:05:47.767241,NaN,NaN,NaN,-34.538654666666666,17.678499666666667
27.695999999999998,17.382276557113116,35.42073356621287,45.77801695963639,239.44518469804694,2026-06-25 00:05:47.567293,NaN,NaN,NaN,-34.538654666666666,17.678499666666667
27.894000000000002,17.382005566788976,35.42078696528091,45.77811256117419,239.45727060623943,2026-06-25 00:05:47.454822,NaN,NaN,NaN,-34.538654666666666,17.678499666666667
28.069,17.381810969917687,35.42083978563197,45.77820906210611,239.46824327265395,2026-06-25 00:05:47.342352,NaN,NaN,NaN,-34.538654666666666,17.678499666666667
28.292,17.381797863823042,35.42083986655875,45.77821751680088,239.28264623703342,2026-06-25 00:05:47.342352,NaN,NaN,NaN,-34.538654666666666,17.678499666666667
28.4774,17.381083789630747,35.42098142718861,45.778806943943565,239.46805503962432,2026-06-25 00:05:47.052427,NaN,NaN,NaN,-34.538654666666666,17.678499666666667
28.70075,17.38170843288146,35.42106054127976,45.77918323189745,239.4638607112218,2026-06-25 00:05:46.892469,NaN,NaN,NaN,-34.538654666666666,17.678499666666667
28.935,17.38174779344992,35.42108521770949,45.77937326976607,239.4586018942192,2026-06-25 00:05:46.842482,NaN,NaN,NaN,-34.538654666666666,17.678499666666667
29.0,17.38251516834289,35.421159378260704,45.779507997405865,239.46327154321733,2026-06-25 00:05:46.692521,NaN,NaN,NaN,-34.538654666666666,17.678499666666667
29.319666666666667,17.382741762055584,35.42120857033557,45.7795432065177,239.46677258068553,2026-06-25 00:05:46.592547,NaN,NaN,NaN,-34.538654666666666,17.678499666666667
29.4466,17.382808672284174,35.42130597781314,45.77968969153784,239.12602097015574,2026-06-25 00:05:46.392599,NaN,NaN,NaN,-34.538654666666666,17.678499666666667
29.716333333333335,17.383036744113625,35.421401810353224,45.780023751691054,239.09973494481528,2026-06-25 00:05:46.192651,NaN,NaN,NaN,-34.538654666666666,17.678499666666667
29.9086,17.38326381521258,35.42149535049596,45.780536526959594,239.4306692106826,2026-06-25 00:05:45.992703,NaN,NaN,NaN,-34.538654666666666,17.678499666666667
30.302333333333333,17.382944776869266,35.42158674110917,45.78076833304315,239.48236121665298,2026-06-25 00:05:45.792756,NaN,NaN,NaN,-34.538654666666666,17.678499666666667
30.481333333333335,17.38268971616458,35.421682482425815,45.780606319281596,239.10624417075346,2026-06-25 00:05:45.576145,NaN,NaN,NaN,-34.538654666666666,17.678499666666667
30.692333333333334,17.382613057788248,35.4216974800429,45.78036014660561,239.48011659682976,2026-06-25 00:05:45.542821,NaN,NaN,NaN,-34.538654666666666,17.678499666666667
30.918,17.383233782933956,35.42181694405162,45.78219317194157,239.4797913493452,2026-06-25 00:05:45.217905,NaN,NaN,NaN,-34.538654666666666,17.678499666666667
31.056,17.383202581398233,35.42183621298848,45.781832229591586,239.4821008192137,2026-06-25 00:05:45.262894,NaN,NaN,NaN,-34.538654666666666,17.678499666666667
31.3295,17.384372270541487,35.421919036251595,45.78360909596006,239.46942374951814,2026-06-25 00:05:45.017957,NaN,NaN,NaN,-34.538654666666666,17.678499666666667
31.497,17.38506621486664,35.42195985155051,45.78402098031696,239.46421896810534,2026-06-25 00:05:44.917984,NaN,NaN,NaN,-34.538654666666666,17.678499666666667
31.663999999999998,17.38573036089413,35.42201038617066,45.78438725885284,239.46102537885182,2026-06-25 00:05:44.793016,NaN,NaN,NaN,-34.538654666666666,17.678499666666667
31.819,17.3860328344553,35.422050526588876,45.784656786144254,239.4688409577614,2026-06-25 00:05:44.693042,NaN,NaN,NaN,-34.538654666666666,17.678499666666667
32.10366666666666,17.386078820620778,35.422096994704155,45.78496940097684,239.46785447325536,2026-06-25 00:05:44.576406,NaN,NaN,NaN,-34.538654666666666,17.678499666666667
32.27775,17.386028369590512,35.42215476257289,45.785293767018906,239.46988468437863,2026-06-25 00:05:44.430611,NaN,NaN,NaN,-34.538654666666666,17.678499666666667
32.533500000000004,17.38597818190746,35.42222863485337,45.785482335045074,239.4727739810492,2026-06-25 00:05:44.243159,NaN,NaN,NaN,-34.538654666666666,17.678499666666667
32.647,17.38597660340545,35.422228646859544,45.78550222922101,239.10544751197762,2026-06-25 00:05:44.243159,NaN,NaN,NaN,-34.538654666666666,17.678499666666667
32.915000000000006,17.385963573170017,35.422267883263245,45.78520988579662,239.47312211688458,2026-06-25 00:05:44.068205,NaN,NaN,NaN,-34.538654666666666,17.678499666666667
33.056,17.38597079449095,35.4222972526469,45.78540199806933,239.47836123342876,2026-06-25 00:05:44.143185,NaN,NaN,NaN,-34.538654666666666,17.678499666666667
33.305749999999996,17.385878711208427,35.422355848480784,45.784750794056954,239.48895942028372,2026-06-25 00:05:43.918244,NaN,NaN,NaN,-34.538654666666666,17.678499666666667
33.458,17.385802336198562,35.42240454697661,45.784492308966136,239.48711384120352,2026-06-25 00:05:43.793277,NaN,NaN,NaN,-34.538654666666666,17.678499666666667
33.701499999999996,17.385876263863594,35.42243366804448,45.78446759285839,239.48368456072419,2026-06-25 00:05:43.718296,NaN,NaN,NaN,-34.538654666666666,17.678499666666667
33.964,17.386066764873764,35.42246271746165,45.784502778682246,239.4799286256852,2026-06-25 00:05:43.643316,NaN,NaN,NaN,-34.538654666666666,17.678499666666667
34.054,17.38645364138016,35.42250126746024,45.78460062502125,239.48589138271586,2026-06-25 00:05:43.543342,NaN,NaN,NaN,-34.538654666666666,17.678499666666667
34.3305,17.386849536825665,35.42254915628696,45.78472795984759,239.4801938923178,2026-06-25 00:05:43.418374,NaN,NaN,NaN,-34.538654666666666,17.678499666666667
34.4975,17.38692732780534,35.42258710764229,45.784846139183216,239.48348503771038,2026-06-25 00:05:43.318400,NaN,NaN,NaN,-34.538654666666666,17.678499666666667
34.709666666666664,17.38650328609323,35.42263398810042,45.78516605398451,239.497375175529,2026-06-25 00:05:43.160108,NaN,NaN,NaN,-34.538654666666666,17.678499666666667
34.911,17.386669331937377,35.422646249525435,45.78507985976268,239.13370779525047,2026-06-25 00:05:43.193433,NaN,NaN,NaN,-34.538654666666666,17.678499666666667
35.231,17.38585972134959,35.42269815579562,45.78546332455123,239.4999248945035,2026-06-25 00:05:43.018479,NaN,NaN,NaN,-34.538654666666666,17.678499666666667
35.522333333333336,17.385174681200937,35.422748356026254,45.78533853996168,239.14863969973305,2026-06-25 00:05:42.876849,NaN,NaN,NaN,-34.538654666666666,17.678499666666667
35.675,17.384716531513227,35.422777192727494,45.78502989582249,239.5212048011485,2026-06-25 00:05:42.793537,NaN,NaN,NaN,-34.538654666666666,17.678499666666667
35.9025,17.383882233541215,35.42281907856669,45.78418097844024,239.1606629012715,2026-06-25 00:05:42.668570,NaN,NaN,NaN,-34.538654666666666,17.678499666666667
36.111,17.38293620116276,35.422858856508846,45.78307755746092,239.17428606475892,2026-06-25 00:05:42.543602,NaN,NaN,NaN,-34.538654666666666,17.678499666666667
36.53,17.382142117403532,35.42288925441363,45.782190823900585,239.18284501113564,2026-06-25 00:05:42.443628,NaN,NaN,NaN,-34.538654666666666,17.678499666666667
36.685,17.381551019739057,35.422910855496255,45.78158736479564,239.18907669811605,2026-06-25 00:05:42.368648,NaN,NaN,NaN,-34.538654666666666,17.678499666666667
36.859,17.380315172864627,35.42295730809003,45.78066051870767,239.19841909922945,2026-06-25 00:05:42.193694,NaN,NaN,NaN,-34.538654666666666,17.678499666666667
37.08833333333333,17.380080122490025,35.42296843175358,45.78070936034609,239.21041608350205,2026-06-25 00:05:42.143707,NaN,NaN,NaN,-34.538654666666666,17.678499666666667
37.2685,17.37923617318937,35.423007850990906,45.780820752895394,239.02559578391563,2026-06-25 00:05:41.968752,NaN,NaN,NaN,-34.538654666666666,17.678499666666667
37.522,17.37902703059424,35.42303288531651,45.78168341679498,239.21047661653702,2026-06-25 00:05:41.827123,NaN,NaN,NaN,-34.538654666666666,17.678499666666667
37.846,17.379042623396803,35.42304978406714,45.78238691886761,239.2159564750905,2026-06-25 00:05:41.710486,NaN,NaN,NaN,-34.538654666666666,17.678499666666667
38.1815,17.379342430023264,35.4230676390362,45.78288722911191,239.2188787456205,2026-06-25 00:05:41.518870,NaN,NaN,NaN,-34.538654666666666,17.678499666666667
38.308,17.37923650487981,35.42306860674514,45.78294182291951,239.5875754681878,2026-06-25 00:05:41.543863,NaN,NaN,NaN,-34.538654666666666,17.678499666666667
38.487,17.37993884338138,35.4230711583582,45.7827850351507,239.2099923766634,2026-06-25 00:05:41.343915,NaN,NaN,NaN,-34.538654666666666,17.678499666666667
38.631,17.37937174977686,35.4230711583582,45.782946307559605,239.22170435162877,2026-06-25 00:05:41.493876,NaN,NaN,NaN,-34.538654666666666,17.678499666666667
38.90425,17.380483781284582,35.4230711583582,45.782973725199916,239.21958337780248,2026-06-25 00:05:41.168961,NaN,NaN,NaN,-34.538654666666666,17.678499666666667
39.097,17.380709616294112,35.423057636102776,45.78375308724793,239.21687064783728,2026-06-25 00:05:40.977344,NaN,NaN,NaN,-34.538654666666666,17.678499666666667
39.216,17.380732873017372,35.42305428501732,45.783912455082685,239.2180551039025,2026-06-25 00:05:40.944019,NaN,NaN,NaN,-34.538654666666666,17.678499666666667
39.67375,17.380842489608515,35.42302591126272,45.78441814412025,239.21934848135038,2026-06-25 00:05:40.769065,NaN,NaN,NaN,-34.538654666666666,17.678499666666667
39.927,17.3808938454442,35.422993825762454,45.78467840050095,239.22887462851588,2026-06-25 00:05:40.619104,NaN,NaN,NaN,-34.538654666666666,17.678499666666667
40.159,17.38092554318904,35.42297472268068,45.78476294331923,239.22369488376773,2026-06-25 00:05:40.544124,NaN,NaN,NaN,-34.538654666666666,17.678499666666667
40.369,17.38096199103879,35.4229608509917,45.78479309749974,239.22581749437876,2026-06-25 00:05:40.494137,NaN,NaN,NaN,-34.538654666666666,17.678499666666667
40.446,17.381105552644726,35.42291430449284,45.784744752949976,239.22984633196924,2026-06-25 00:05:40.344176,NaN,NaN,NaN,-34.538654666666666,17.678499666666667
40.655499999999996,17.381092270291106,35.42291333573658,45.784734797297446,239.23217181959652,2026-06-25 00:05:40.344176,NaN,NaN,NaN,-34.538654666666666,17.678499666666667
41.1245,17.381165668431255,35.42283123069949,45.784704433734326,239.23485350192325,2026-06-25 00:05:40.119234,NaN,NaN,NaN,-34.538654666666666,17.678499666666667
41.49366666666667,17.38115520372855,35.42275795009184,45.78510459967919,239.23604321644794,2026-06-25 00:05:39.944280,NaN,NaN,NaN,-34.538654666666666,17.678499666666667
41.703,17.381407301685726,35.422713147476344,45.78570859808995,239.24234112859165,2026-06-25 00:05:39.794319,NaN,NaN,NaN,-34.538654666666666,17.678499666666667
41.864,17.381272484979956,35.42268998624754,45.78548383364183,239.24094429445955,2026-06-25 00:05:39.844306,NaN,NaN,NaN,-34.538654666666666,17.678499666666667
42.0635,17.381898303427118,35.42263033717644,45.786360424528354,239.23701887196282,2026-06-25 00:05:39.669352,NaN,NaN,NaN,-34.538654666666666,17.678499666666667
42.357,17.382474131317835,35.42256939801121,45.787014210865124,239.23717755910823,2026-06-25 00:05:39.544384,NaN,NaN,NaN,-34.538654666666666,17.678499666666667
42.653000000000006,17.38282242611322,35.42253232513107,45.78733404110807,239.2369475777415,2026-06-25 00:05:39.469404,NaN,NaN,NaN,-34.538654666666666,17.678499666666667
42.875,17.38330613051026,35.42247059738176,45.787780909537744,239.23722832381657,2026-06-25 00:05:39.344436,NaN,NaN,NaN,-34.538654666666666,17.678499666666667
43.1115,17.383492458971517,35.422434072954765,45.788003239304246,239.4195813058689,2026-06-25 00:05:39.269456,NaN,NaN,NaN,-34.538654666666666,17.678499666666667
43.328,17.383643711008826,35.42239779469527,45.7882066331438,239.23690253749174,2026-06-25 00:05:39.194475,NaN,NaN,NaN,-34.538654666666666,17.678499666666667
43.69966666666667,17.38364092537164,35.4223280945042,45.78842951647831,239.25049339976206,2026-06-25 00:05:39.044515,NaN,NaN,NaN,-34.538654666666666,17.678499666666667
43.8925,17.383374018704394,35.42226387196196,45.788581994842275,239.4325998127024,2026-06-25 00:05:38.894554,NaN,NaN,NaN,-34.538654666666666,17.678499666666667
44.088,17.38327805173036,35.422243986324396,45.78865299447661,239.43707657386724,2026-06-25 00:05:38.844567,NaN,NaN,NaN,-34.538654666666666,17.678499666666667
44.50725,17.382993189389378,35.422182345170626,45.78899098848618,239.25859923907583,2026-06-25 00:05:38.669612,NaN,NaN,NaN,-34.538654666666666,17.678499666666667
44.936,17.382810518179667,35.42214631260877,45.78929849348694,239.2679021642103,2026-06-25 00:05:38.544645,NaN,NaN,NaN,-34.538654666666666,17.678499666666667
45.17,17.382727420460405,35.42212963029509,45.7894807702128,239.27083362909144,2026-06-25 00:05:38.469664,NaN,NaN,NaN,-34.538654666666666,17.678499666666667
45.2675,17.382681639156,35.42211278707539,45.78964168092579,239.26644230007034,2026-06-25 00:05:38.369690,NaN,NaN,NaN,-34.538654666666666,17.678499666666667
45.7065,17.382704640931898,35.42211278707539,45.78965924746321,239.27297287929719,2026-06-25 00:05:38.269716,NaN,NaN,NaN,-34.538654666666666,17.678499666666667
45.8615,17.382707487014343,35.42211278707539,45.78955106743189,239.27463450278393,2026-06-25 00:05:38.169743,NaN,NaN,NaN,-34.538654666666666,17.678499666666667
46.318,17.382536996422644,35.4221162573042,45.789197281870344,239.28107001622809,2026-06-25 00:05:38.019782,NaN,NaN,NaN,-34.538654666666666,17.678499666666667
46.626,17.382304522502682,35.42214286928612,45.78883915757828,239.29226071867453,2026-06-25 00:05:37.894814,NaN,NaN,NaN,-34.538654666666666,17.678499666666667
46.961,17.382186277668822,35.422177352042915,45.7886243025125,239.28879865872557,2026-06-25 00:05:37.794840,NaN,NaN,NaN,-34.538654666666666,17.678499666666667
47.1685,17.38220985783503,35.42217877901385,45.78864290363963,239.29093084518357,2026-06-25 00:05:37.794840,NaN,NaN,NaN,-34.538654666666666,17.678499666666667
47.227,17.382243259089908,35.42222324898792,45.788561217102746,239.29513187744288,2026-06-25 00:05:37.694866,NaN,NaN,NaN,-34.538654666666666,17.678499666666667
47.462,17.382373664540232,35.42226597093587,45.7886847438468,239.29512120324904,2026-06-25 00:05:37.619886,NaN,NaN,NaN,-34.538654666666666,17.678499666666667
47.636,17.38253437614963,35.42231499231691,45.7889639302004,239.2943040320485,2026-06-25 00:05:37.544905,NaN,NaN,NaN,-34.538654666666666,17.678499666666667
47.981,17.38265245281816,35.422352005595144,45.789245553247945,239.2974391144732,2026-06-25 00:05:37.494918,NaN,NaN,NaN,-34.538654666666666,17.678499666666667
48.173,17.38277144066606,35.4223923639844,45.789576701133846,239.29891217614377,2026-06-25 00:05:37.444931,NaN,NaN,NaN,-34.538654666666666,17.678499666666667
48.2,17.382882386904836,35.4224361409138,45.78993446843462,239.29863432632493,2026-06-25 00:05:37.394944,NaN,NaN,NaN,-34.538654666666666,17.678499666666667
48.477,17.383017258385888,35.42256510117059,45.79077316869451,239.29893235616717,2026-06-25 00:05:37.269977,NaN,NaN,NaN,-34.538654666666666,17.678499666666667
48.68666666666667,17.38303668016476,35.422610519218416,45.79103581701721,239.30293620266715,2026-06-25 00:05:37.228321,NaN,NaN,NaN,-34.538654666666666,17.678499666666667
49.1415,17.38280573211316,35.42280905280048,45.791813096183915,239.49684851691688,2026-06-25 00:05:37.070029,NaN,NaN,NaN,-34.538654666666666,17.678499666666667
49.3575,17.382440027070505,35.42295581840914,45.79219968462593,239.31808701739226,2026-06-25 00:05:36.970055,NaN,NaN,NaN,-34.538654666666666,17.678499666666667
49.631,17.382137215938,35.423075718594895,45.79249542793751,239.32414388427753,2026-06-25 00:05:36.895075,NaN,NaN,NaN,-34.538654666666666,17.678499666666667
49.908,17.381956352455298,35.423160957960334,45.792703222224944,239.331625356907,2026-06-25 00:05:36.845088,NaN,NaN,NaN,-34.538654666666666,17.678499666666667
50.108000000000004,17.38171947299994,35.42339215202364,45.79321187521525,239.3288539350704,2026-06-25 00:05:36.720120,NaN,NaN,NaN,-34.538654666666666,17.678499666666667
50.199,17.38167652435493,35.42339619946871,45.793229446729114,239.32624108901237,2026-06-25 00:05:36.720120,NaN,NaN,NaN,-34.538654666666666,17.678499666666667
50.406,17.38163784615516,35.42364761882216,45.79364266637872,239.3263976933925,2026-06-25 00:05:36.595153,NaN,NaN,NaN,-34.538654666666666,17.678499666666667
50.604,17.3816546357827,35.423757095120415,45.79371951654028,239.33208835059446,2026-06-25 00:05:36.545166,NaN,NaN,NaN,-34.538654666666666,17.678499666666667
50.885,17.38166278187474,35.423870607857886,45.79372636375436,239.33870954711244,2026-06-25 00:05:36.495179,NaN,NaN,NaN,-34.538654666666666,17.678499666666667
51.039,17.38162432792852,35.424109663737774,45.7935318627897,239.34020350844915,2026-06-25 00:05:36.395205,NaN,NaN,NaN,-34.538654666666666,17.678499666666667
51.29633333333334,17.38159191351278,35.42419594925591,45.793385290437776,239.3362673517776,2026-06-25 00:05:36.361880,NaN,NaN,NaN,-34.538654666666666,17.678499666666667
51.546,17.381496636974322,35.42449784307396,45.79292348556057,239.34570330294338,2026-06-25 00:05:36.245244,NaN,NaN,NaN,-34.538654666666666,17.678499666666667
51.683,17.38145120914986,35.42463494884704,45.79271649553491,239.3471927518306,2026-06-25 00:05:36.195257,NaN,NaN,NaN,-34.538654666666666,17.678499666666667
51.841,17.381392788567286,35.424775813919965,45.79253332816916,239.3451764315957,2026-06-25 00:05:36.145270,NaN,NaN,NaN,-34.538654666666666,17.678499666666667
52.13466666666667,17.38118791384686,35.425069708310396,45.792233376475394,238.9844513307524,2026-06-25 00:05:36.045296,NaN,NaN,NaN,-34.538654666666666,17.678499666666667
52.44,17.380763513926134,35.42545456499684,45.79186027310719,238.99479468235197,2026-06-25 00:05:35.920329,NaN,NaN,NaN,-34.538654666666666,17.678499666666667
52.649,17.380409615525515,35.42569544621316,45.79160584474179,239.36842575927346,2026-06-25 00:05:35.845348,NaN,NaN,NaN,-34.538654666666666,17.678499666666667
52.9075,17.38000603722835,35.42594405386177,45.79135886767351,239.37080847411002,2026-06-25 00:05:35.770368,NaN,NaN,NaN,-34.538654666666666,17.678499666666667
53.013,17.379594098255232,35.42619844661228,45.79114542654789,239.007123486184,2026-06-25 00:05:35.695388,NaN,NaN,NaN,-34.538654666666666,17.678499666666667
53.522333333333336,17.378993815489945,35.4266082508047,45.79089349375954,239.01747292934132,2026-06-25 00:05:35.578751,NaN,NaN,NaN,-34.538654666666666,17.678499666666667
53.7175,17.378600535392742,35.42690670423916,45.790733627682684,239.02579272349743,2026-06-25 00:05:35.495440,NaN,NaN,NaN,-34.538654666666666,17.678499666666667
53.824,17.378205520913674,35.4272719750208,45.79056621992232,239.0282152893243,2026-06-25 00:05:35.395466,NaN,NaN,NaN,-34.538654666666666,17.678499666666667
54.009,17.37806618904877,35.427457588686195,45.79049906113888,239.0192360557628,2026-06-25 00:05:35.345479,NaN,NaN,NaN,-34.538654666666666,17.678499666666667
54.378,17.377964336541627,35.427644573490674,45.79043495215294,239.0234115726822,2026-06-25 00:05:35.295492,NaN,NaN,NaN,-34.538654666666666,17.678499666666667
54.649,17.37789028904763,35.42783270498919,45.790366675551326,239.0339632226206,2026-06-25 00:05:35.245505,NaN,NaN,NaN,-34.538654666666666,17.678499666666667
54.887,17.37778188690742,35.42811660569056,45.79024936514342,239.03472498689433,2026-06-25 00:05:35.170524,NaN,NaN,NaN,-34.538654666666666,17.678499666666667
55.1595,17.377561901516984,35.4284967321563,45.79008178327005,239.22982951693146,2026-06-25 00:05:35.070550,NaN,NaN,NaN,-34.538654666666666,17.678499666666667
55.295,17.37734937211284,35.428782036018184,45.7899848439562,239.04959129028316,2026-06-25 00:05:34.995570,NaN,NaN,NaN,-34.538654666666666,17.678499666666667
55.406,17.377220230663383,35.42897179824381,45.7899735573433,239.05488517325938,2026-06-25 00:05:34.945583,NaN,NaN,NaN,-34.538654666666666,17.678499666666667
55.70466666666667,17.377146226984014,35.429348514786604,45.790191523785914,239.04769484036333,2026-06-25 00:05:34.845609,NaN,NaN,NaN,-34.538654666666666,17.678499666666667
56.243,17.377346773767126,35.42972088740072,45.79064520828715,239.04713259634025,2026-06-25 00:05:34.745635,NaN,NaN,NaN,-34.538654666666666,17.678499666666667
56.442,17.377731323781624,35.429994569959206,45.7910659292125,238.6758125632111,2026-06-25 00:05:34.670655,NaN,NaN,NaN,-34.538654666666666,17.678499666666667
56.682,17.378320033280122,35.43035101542356,45.79150992860854,239.04274120818206,2026-06-25 00:05:34.570681,NaN,NaN,NaN,-34.538654666666666,17.678499666666667
56.922,17.37868816555536,35.430610681942504,45.79172917933415,239.05083973636235,2026-06-25 00:05:34.495700,NaN,NaN,NaN,-34.538654666666666,17.678499666666667
57.283,17.378847584264204,35.43077897791794,45.791848696938075,239.04620236766834,2026-06-25 00:05:34.445713,NaN,NaN,NaN,-34.538654666666666,17.678499666666667
57.524,17.37895138274553,35.43110133720081,45.792145677705264,239.05542643383416,2026-06-25 00:05:34.345739,NaN,NaN,NaN,-34.538654666666666,17.678499666666667
57.765,17.378906000443,35.43140752620785,45.79253013488788,239.05022891558673,2026-06-25 00:05:34.245765,NaN,NaN,NaN,-34.538654666666666,17.678499666666667
58.125,17.37884501238166,35.43155154383709,45.792735443903105,239.05796430157076,2026-06-25 00:05:34.195778,NaN,NaN,NaN,-34.538654666666666,17.678499666666667
58.2725,17.37874300449103,35.43175525572768,45.792989324679056,239.06161738376005,2026-06-25 00:05:34.120798,NaN,NaN,NaN,-34.538654666666666,17.678499666666667
58.521,17.37863784508087,35.431945615099906,45.793169973712615,238.6988193946208,2026-06-25 00:05:34.045817,NaN,NaN,NaN,-34.538654666666666,17.678499666666667
58.757,17.378543803082827,35.432117701344424,45.79327522281329,239.07479285125694,2026-06-25 00:05:33.970837,NaN,NaN,NaN,-34.538654666666666,17.678499666666667
59.0655,17.378475945980853,35.43232028429614,45.793355044438435,239.0667935623212,2026-06-25 00:05:33.870863,NaN,NaN,NaN,-34.538654666666666,17.678499666666667
59.339,17.378518635662733,35.43245044307757,45.79338358080868,239.07503404948758,2026-06-25 00:05:33.745896,NaN,NaN,NaN,-34.538654666666666,17.678499666666667
59.441,17.378488068935813,35.43252472333409,45.79338225335472,239.06860350247453,2026-06-25 00:05:33.795883,NaN,NaN,NaN,-34.538654666666666,17.678499666666667
59.734,17.378496141092395,35.43263947319462,45.79333142757043,239.07691946263876,2026-06-25 00:05:33.645922,NaN,NaN,NaN,-34.538654666666666,17.678499666666667
60.155,17.378290588593387,35.432718191200216,45.79319239415629,238.72066432323183,2026-06-25 00:05:33.545948,NaN,NaN,NaN,-34.538654666666666,17.678499666666667
60.536,17.37807584056512,35.43272448500938,45.79306283614017,238.73328851160602,2026-06-25 00:05:33.495961,NaN,NaN,NaN,-34.538654666666666,17.678499666666667
60.7275,17.377618203186245,35.43272448500938,45.79277377340691,238.73177177153295,2026-06-25 00:05:33.420980,NaN,NaN,NaN,-34.538654666666666,17.678499666666667
60.926,17.377044424029116,35.43272448500938,45.792368474525965,238.73463486963632,2026-06-25 00:05:33.346000,NaN,NaN,NaN,-34.538654666666666,17.678499666666667
61.09,17.376594972092207,35.43269349297066,45.792014087815204,238.74226850115522,2026-06-25 00:05:33.296013,NaN,NaN,NaN,-34.538654666666666,17.678499666666667
61.464,17.376090842380343,35.43264859938853,45.791600699560846,238.7524338731398,2026-06-25 00:05:33.246026,NaN,NaN,NaN,-34.538654666666666,17.678499666666667
61.719,17.375202936391567,35.4325523782902,45.79088867843569,238.77069171646977,2026-06-25 00:05:33.171045,NaN,NaN,NaN,-34.538654666666666,17.678499666666667
62.153999999999996,17.37341932782892,35.432321439390265,45.78964380909915,238.78761101537654,2026-06-25 00:05:33.046078,NaN,NaN,NaN,-34.538654666666666,17.678499666666667
62.232,17.373432590501928,35.43231343340428,45.789635286991064,238.7921792101998,2026-06-25 00:05:33.046078,NaN,NaN,NaN,-34.538654666666666,17.678499666666667
62.46,17.371872328471976,35.43206345349333,45.78867534500016,238.7983261056848,2026-06-25 00:05:32.946104,NaN,NaN,NaN,-34.538654666666666,17.678499666666667
62.763,17.37109004767764,35.43190943966196,45.78816229370988,238.80915322670097,2026-06-25 00:05:32.896117,NaN,NaN,NaN,-34.538654666666666,17.678499666666667
62.883,17.36954425850556,35.431543444261116,45.786906386895566,238.46148955352928,2026-06-25 00:05:32.796143,NaN,NaN,NaN,-34.538654666666666,17.678499666666667
63.509,17.367654915174207,35.43099576007707,45.78495181629401,238.47843016595903,2026-06-25 00:05:32.671176,NaN,NaN,NaN,-34.538654666666666,17.678499666666667
63.638,17.36659048110162,35.43061117904549,45.78364726088548,238.49275694224627,2026-06-25 00:05:32.596195,NaN,NaN,NaN,-34.538654666666666,17.678499666666667
63.987,17.364572582569718,35.430020800697385,45.78190967510669,238.5216306381603,2026-06-25 00:05:32.396247,NaN,NaN,NaN,-34.538654666666666,17.678499666666667
64.069,17.365397981917443,35.42936397088519,45.78231107180235,238.51280414201742,2026-06-25 00:05:32.496221,NaN,NaN,NaN,-34.538654666666666,17.678499666666667
64.405,17.364450787843897,35.42900162167962,45.782386010410406,238.51683562621471,2026-06-25 00:05:32.346260,NaN,NaN,NaN,-34.538654666666666,17.678499666666667
64.702,17.364558957596067,35.42861851755072,45.78327464268999,238.50500468838928,2026-06-25 00:05:32.296274,NaN,NaN,NaN,-34.538654666666666,17.678499666666667
65.063,17.365168889836234,35.428001756430696,45.78515683306675,238.50511703281586,2026-06-25 00:05:32.221293,NaN,NaN,NaN,-34.538654666666666,17.678499666666667
65.3025,17.366441741984854,35.4271081585472,45.78789159116934,238.50696167379982,2026-06-25 00:05:32.121319,NaN,NaN,NaN,-34.538654666666666,17.678499666666667
65.435,17.367439414132086,35.42638380693003,45.789685934356044,238.48792057869116,2026-06-25 00:05:32.046339,NaN,NaN,NaN,-34.538654666666666,17.678499666666667
65.656,17.367985465899856,35.425871692343385,45.790567461840055,238.4885519392661,2026-06-25 00:05:31.996352,NaN,NaN,NaN,-34.538654666666666,17.678499666666667
65.812,17.36836840219991,35.42533749263955,45.7911265557221,238.49302899459707,2026-06-25 00:05:31.946365,NaN,NaN,NaN,-34.538654666666666,17.678499666666667
66.351,17.36806911562824,35.42398709267612,45.79075005889587,238.15658685566504,2026-06-25 00:05:31.829728,NaN,NaN,NaN,-34.538654666666666,17.678499666666667
66.451,17.367992122886548,35.42360131071017,45.7906223110301,238.16035603021555,2026-06-25 00:05:31.796404,NaN,NaN,NaN,-34.538654666666666,17.678499666666667
66.833,17.366260375117196,35.42233181472447,45.788661982904294,237.8122436861516,2026-06-25 00:05:31.696430,NaN,NaN,NaN,-34.538654666666666,17.678499666666667
67.052,17.363591525573995,35.4209723962773,45.78589546910765,237.48245981284288,2026-06-25 00:05:31.596456,NaN,NaN,NaN,-34.538654666666666,17.678499666666667
67.223,17.363523267835795,35.42096116995839,45.78587583008879,237.66710623497949,2026-06-25 00:05:31.596456,NaN,NaN,NaN,-34.538654666666666,17.678499666666667
67.757,17.358770810421028,35.418765051133455,45.78182887925699,237.1810637409219,2026-06-25 00:05:31.446495,NaN,NaN,NaN,-34.538654666666666,17.678499666666667
67.81,17.35873348200636,35.41875393142283,45.78171212311975,237.54581050415825,2026-06-25 00:05:31.446495,NaN,NaN,NaN,-34.538654666666666,17.678499666666667
68.067,17.355739750240126,35.417182172317204,45.77992664592208,236.8400960185087,2026-06-25 00:05:31.346521,NaN,NaN,NaN,-34.538654666666666,17.678499666666667
68.49766666666666,17.353715975873268,35.41550415310311,45.77950775747615,236.42480640810243,2026-06-25 00:05:31.246547,NaN,NaN,NaN,-34.538654666666666,17.678499666666667
68.706,17.352570878452845,35.41375400433407,45.78013492443848,235.7869064474876,2026-06-25 00:05:31.146573,NaN,NaN,NaN,-34.538654666666666,17.678499666666667
68.814,17.352354891318075,35.41284338587999,45.78086315455316,235.78659984610798,2026-06-25 00:05:31.096586,NaN,NaN,NaN,-34.538654666666666,17.678499666666667
69.03,17.352178617720206,35.41143565718686,45.78216294866691,235.26200884225554,2026-06-25 00:05:31.021606,NaN,NaN,NaN,-34.538654666666666,17.678499666666667
69.196,17.351834218494133,35.40998682267905,45.78337772753697,234.74649358029134,2026-06-25 00:05:30.946625,NaN,NaN,NaN,-34.538654666666666,17.678499666666667
69.52,17.350630944297627,35.40848776038527,45.78394129233468,234.2382327601659,2026-06-25 00:05:30.871645,NaN,NaN,NaN,-34.538654666666666,17.678499666666667
69.862,17.348068909860554,35.40694952705098,45.78341168031461,233.05076198347317,2026-06-25 00:05:30.796664,NaN,NaN,NaN,-34.538654666666666,17.678499666666667
70.081,17.342677904425713,35.40536371567973,45.78035136887553,232.3862233991936,2026-06-25 00:05:30.721684,NaN,NaN,NaN,-34.538654666666666,17.678499666666667
70.3125,17.329353750123595,35.40318820132117,45.76993045642543,231.1309080332619,2026-06-25 00:05:30.621710,NaN,NaN,NaN,-34.538654666666666,17.678499666666667
70.534,17.31281856483995,35.40151235704712,45.754816590132236,229.9450287455512,2026-06-25 00:05:30.546730,NaN,NaN,NaN,-34.538654666666666,17.678499666666667
71.047,17.287176772740434,35.39979431434498,45.72898948486418,229.1466543446926,2026-06-25 00:05:30.471749,NaN,NaN,NaN,-34.538654666666666,17.678499666666667
71.28000000000002,17.220972089024126,35.39685144047596,45.655392690155246,226.2803368813458,2026-06-25 00:05:30.346782,NaN,NaN,NaN,-34.538654666666666,17.678499666666667
71.53,17.14635209648946,35.3944372085269,45.566550593123885,224.97863529087783,2026-06-25 00:05:30.246808,NaN,NaN,NaN,-34.538654666666666,17.678499666666667
71.655,17.099284860712654,35.39320670394828,45.50899340890682,223.52584357967822,2026-06-25 00:05:30.196821,NaN,NaN,NaN,-34.538654666666666,17.678499666666667
71.965,17.04638710918641,35.391963011365426,45.44437565520422,222.59230456921853,2026-06-25 00:05:30.146834,NaN,NaN,NaN,-34.538654666666666,17.678499666666667
72.131,16.92474358995939,35.39070671041053,45.29805940830966,221.2049144096917,2026-06-25 00:05:30.046860,NaN,NaN,NaN,-34.538654666666666,17.678499666666667
72.256,16.98800020516436,35.38943839110423,45.37367504925674,222.03973310648317,2026-06-25 00:05:30.096847,NaN,NaN,NaN,-34.538654666666666,17.678499666666667
72.4845,16.8223207807443,35.387513378480904,45.17852608918262,219.13862234221358,2026-06-25 00:05:29.971879,NaN,NaN,NaN,-34.538654666666666,17.678499666666667
72.839,16.715022136864246,35.385567359992194,45.05710093640384,218.12474363303616,2026-06-25 00:05:29.896899,NaN,NaN,NaN,-34.538654666666666,17.678499666666667
73.0475,16.606557015823007,35.38359741266938,44.939237847522875,216.8522953123303,2026-06-25 00:05:29.821918,NaN,NaN,NaN,-34.538654666666666,17.678499666666667
73.299,16.5014289034123,35.381610209265304,44.828226985933476,215.53676883125613,2026-06-25 00:05:29.746938,NaN,NaN,NaN,-34.538654666666666,17.678499666666667
73.47,16.435587313375592,35.3802749617876,44.7604462874017,214.97725706281446,2026-06-25 00:05:29.696951,NaN,NaN,NaN,-34.538654666666666,17.678499666666667
73.721,16.37407908226088,35.378932679435785,44.698060802419256,214.3797408436981,2026-06-25 00:05:29.646964,NaN,NaN,NaN,-34.538654666666666,17.678499666666667
73.89066666666666,16.267794155779338,35.376227876365725,44.591404918348964,212.84225694982104,2026-06-25 00:05:29.546990,NaN,NaN,NaN,-34.538654666666666,17.678499666666667
74.282,16.159398657470344,35.37282214000051,44.48195199119249,211.8238938855963,2026-06-25 00:05:29.422023,NaN,NaN,NaN,-34.538654666666666,17.678499666666667
74.683,16.048057544010135,35.370767225890255,44.36742778591086,210.56595489507006,2026-06-25 00:05:29.247068,NaN,NaN,NaN,-34.538654666666666,17.678499666666667
74.806,16.1068404737115,35.36939367268843,44.427962935082974,211.44417338632317,2026-06-25 00:05:29.347042,NaN,NaN,NaN,-34.538654666666666,17.678499666666667
75.006,16.076103704878353,35.36801820211152,44.39625354593862,211.33347022711703,2026-06-25 00:05:29.297055,NaN,NaN,NaN,-34.538654666666666,17.678499666666667
75.219,16.022434800962703,35.366641441014934,44.34127858228906,210.78730241060848,2026-06-25 00:05:29.197081,NaN,NaN,NaN,-34.538654666666666,17.678499666666667
75.4625,15.97863624881889,35.36388680378201,44.29744826978701,209.99907000893086,2026-06-25 00:05:29.097107,NaN,NaN,NaN,-34.538654666666666,17.678499666666667
75.628,15.959110907500957,35.36251017435207,44.278271369301365,209.82580815553328,2026-06-25 00:05:29.047120,NaN,NaN,NaN,-34.538654666666666,17.678499666666667
75.962,15.924423264005169,35.3597597951639,44.24488362062809,209.56750232972993,2026-06-25 00:05:28.947147,NaN,NaN,NaN,-34.538654666666666,17.678499666666667
76.31133333333334,15.896394702722917,35.35702046735301,44.21802060212008,208.8256872464159,2026-06-25 00:05:28.847173,NaN,NaN,NaN,-34.538654666666666,17.678499666666667
76.704,15.859276149272217,35.3529385224799,44.179848616874075,208.81844465300549,2026-06-25 00:05:28.697212,NaN,NaN,NaN,-34.538654666666666,17.678499666666667
76.90549999999999,15.859347320037406,35.352935972379015,44.179735887616815,208.66583276605664,2026-06-25 00:05:28.697212,NaN,NaN,NaN,-34.538654666666666,17.678499666666667
77.043,15.835851820363882,35.35023834202164,44.153707121113484,208.7234220327674,2026-06-25 00:05:28.597238,NaN,NaN,NaN,-34.538654666666666,17.678499666666667
77.193,15.824277481104406,35.34889846567854,44.14067415936599,208.50806141664987,2026-06-25 00:05:28.547251,NaN,NaN,NaN,-34.538654666666666,17.678499666666667
77.53,15.812882774477957,35.34756521358029,44.12797843965094,208.28425815415318,2026-06-25 00:05:28.497264,NaN,NaN,NaN,-34.538654666666666,17.678499666666667
77.601,15.801802303487777,35.34623906854934,44.11584143583369,208.05049888065147,2026-06-25 00:05:28.447277,NaN,NaN,NaN,-34.538654666666666,17.678499666666667
77.826,15.791196022878694,35.34492050028687,44.104434922451944,208.13662824205542,2026-06-25 00:05:28.397290,NaN,NaN,NaN,-34.538654666666666,17.678499666666667
78.109,15.77230612210489,35.34231235794346,44.08456889050275,207.64198737912167,2026-06-25 00:05:28.297316,NaN,NaN,NaN,-34.538654666666666,17.678499666666667
78.287,15.77192739763888,35.34230790566163,44.0841500719373,207.94830777693957,2026-06-25 00:05:28.297316,NaN,NaN,NaN,-34.538654666666666,17.678499666666667
78.564,15.748589936532976,35.33973091524735,44.05983111202975,207.49807170539495,2026-06-25 00:05:28.147355,NaN,NaN,NaN,-34.538654666666666,17.678499666666667
78.674,15.755642151827894,35.33845679961059,44.06718995307113,207.4525470677944,2026-06-25 00:05:28.197342,NaN,NaN,NaN,-34.538654666666666,17.678499666666667
78.87299999999999,15.73923809156453,35.336566024277154,44.05008860571398,207.26479556811384,2026-06-25 00:05:28.072375,NaN,NaN,NaN,-34.538654666666666,17.678499666666667
79.233,15.73089943746643,35.33469656191061,44.041489201608805,207.02336761803264,2026-06-25 00:05:27.997394,NaN,NaN,NaN,-34.538654666666666,17.678499666666667
79.4805,15.723535588565916,35.332855036397376,44.03409766818528,207.0757385209162,2026-06-25 00:05:27.922414,NaN,NaN,NaN,-34.538654666666666,17.678499666666667
79.712,15.71672779742049,35.33103683530422,44.027478257418935,206.8304031947602,2026-06-25 00:05:27.847433,NaN,NaN,NaN,-34.538654666666666,17.678499666666667
79.882,15.712438093045005,35.32984075820408,44.02347336127248,206.87033988110005,2026-06-25 00:05:27.797446,NaN,NaN,NaN,-34.538654666666666,17.678499666666667
80.28766666666667,15.704111351990635,35.327490385094706,44.01608688686165,206.83440704720024,2026-06-25 00:05:27.697472,NaN,NaN,NaN,-34.538654666666666,17.678499666666667
80.455,15.695769023978533,35.32518308061289,44.00883283883133,206.40835312305484,2026-06-25 00:05:27.597498,NaN,NaN,NaN,-34.538654666666666,17.678499666666667
80.90950000000001,15.68918674924798,35.323492593847526,44.00286423766396,206.1667257367309,2026-06-25 00:05:27.522518,NaN,NaN,NaN,-34.538654666666666,17.678499666666667
81.172,15.682119935160511,35.32182950732634,43.9961488723283,205.92561870595244,2026-06-25 00:05:27.447537,NaN,NaN,NaN,-34.538654666666666,17.678499666666667
81.31,15.6769200177706,35.32073936376398,43.99104990016155,205.9815350797084,2026-06-25 00:05:27.397550,NaN,NaN,NaN,-34.538654666666666,17.678499666666667
81.586,15.671196306455373,35.31966337012269,43.98540379854114,206.02794851100066,2026-06-25 00:05:27.347563,NaN,NaN,NaN,-34.538654666666666,17.678499666666667
81.725,15.664789522007993,35.31860168114307,43.97910745601113,205.7825351397962,2026-06-25 00:05:27.297576,NaN,NaN,NaN,-34.538654666666666,17.678499666666667
81.936,15.644295074707244,35.31755443779215,43.95905012262806,205.38455598723525,2026-06-25 00:05:27.172609,NaN,NaN,NaN,-34.538654666666666,17.678499666666667
82.079,15.65751169531141,35.3160127756494,43.971993530956006,205.55137749031925,2026-06-25 00:05:27.247590,NaN,NaN,NaN,-34.538654666666666,17.678499666666667
82.315,15.628141251104822,35.31450058778419,43.94296628994679,205.20828542937966,2026-06-25 00:05:27.097629,NaN,NaN,NaN,-34.538654666666666,17.678499666666667
82.514,15.614955763091258,35.3135122665577,43.92942800448965,205.00483053276378,2026-06-25 00:05:27.047642,NaN,NaN,NaN,-34.538654666666666,17.678499666666667
82.61,15.59959132210468,35.312538894700715,43.91316297091485,204.87041079323987,2026-06-25 00:05:26.997655,NaN,NaN,NaN,-34.538654666666666,17.678499666666667
82.891,15.561056710085143,35.31158053393905,43.87038338347997,204.8407699386213,2026-06-25 00:05:26.897681,NaN,NaN,NaN,-34.538654666666666,17.678499666666667
83.019,15.537321256267996,35.310637233418326,43.8429304021369,204.12464319547777,2026-06-25 00:05:26.847694,NaN,NaN,NaN,-34.538654666666666,17.678499666666667
83.271,15.581729215426234,35.30970902989846,43.89365161483377,204.70570362080682,2026-06-25 00:05:26.947668,NaN,NaN,NaN,-34.538654666666666,17.678499666666667
83.404,15.51037306115294,35.3087959479537,43.81106600838047,204.4467131747645,2026-06-25 00:05:26.797707,NaN,NaN,NaN,-34.538654666666666,17.678499666666667
83.692,15.480198985431633,35.307898000178454,43.77488224761119,204.3904825982271,2026-06-25 00:05:26.747720,NaN,NaN,NaN,-34.538654666666666,17.678499666666667
84.06033333333333,15.410590121297579,35.30615253296558,43.69161354298037,204.19247850224954,2026-06-25 00:05:26.647746,NaN,NaN,NaN,-34.538654666666666,17.678499666666667
84.47999999999999,15.297355043841947,35.30364238850364,43.56366016264121,203.6188421862936,2026-06-25 00:05:26.497785,NaN,NaN,NaN,-34.538654666666666,17.678499666666667
84.723,15.296710522750626,35.30363490326965,43.562115422997614,203.48446176783986,2026-06-25 00:05:26.497785,NaN,NaN,NaN,-34.538654666666666,17.678499666666667
84.894,15.22490027449378,35.30203476544901,43.48824597791442,203.03097186962222,2026-06-25 00:05:26.397811,NaN,NaN,NaN,-34.538654666666666,17.678499666666667
85.29466666666667,15.166195716148712,35.300498823281124,43.43191974075728,202.476095944583,2026-06-25 00:05:26.297837,NaN,NaN,NaN,-34.538654666666666,17.678499666666667
85.78,15.119257152794455,35.299011708944725,43.38860648631509,202.45316926477037,2026-06-25 00:05:26.197863,NaN,NaN,NaN,-34.538654666666666,17.678499666666667
85.916,15.101419909353131,35.298292302130164,43.37265256870633,202.5522451045825,2026-06-25 00:05:26.147876,NaN,NaN,NaN,-34.538654666666666,17.678499666666667
86.10900000000001,15.080339493178293,35.29724175398658,43.35406432789982,202.23152268977253,2026-06-25 00:05:26.072896,NaN,NaN,NaN,-34.538654666666666,17.678499666666667
86.428,15.063918557760921,35.29621943568301,43.33963249833435,202.17606209654267,2026-06-25 00:05:25.997915,NaN,NaN,NaN,-34.538654666666666,17.678499666666667
86.685,15.055370038686448,35.2955564727856,43.332014448826925,202.22617373827742,2026-06-25 00:05:25.947928,NaN,NaN,NaN,-34.538654666666666,17.678499666666667
86.863,15.048087431635112,35.294907257670765,43.32536144008166,202.27682373815009,2026-06-25 00:05:25.897941,NaN,NaN,NaN,-34.538654666666666,17.678499666666667
87.15950000000001,15.038696930094648,35.29396052745342,43.3163782148986,202.2056873508087,2026-06-25 00:05:25.822961,NaN,NaN,NaN,-34.538654666666666,17.678499666666667
87.35,15.029982071085628,35.293040466739534,43.30763556379723,202.13712377090647,2026-06-25 00:05:25.747980,NaN,NaN,NaN,-34.538654666666666,17.678499666666667
87.435,15.018051779216199,35.29186792125182,43.29505886333447,202.23314410561557,2026-06-25 00:05:25.648006,NaN,NaN,NaN,-34.538654666666666,17.678499666666667
87.71,15.011761452084652,35.2912975139085,43.28833362931698,201.99045112972036,2026-06-25 00:05:25.598019,NaN,NaN,NaN,-34.538654666666666,17.678499666666667
88.106,14.998442122536792,35.29018794258989,43.27401201604911,202.09632456828643,2026-06-25 00:05:25.498046,NaN,NaN,NaN,-34.538654666666666,17.678499666666667
88.237,14.991295630059813,35.28965452682134,43.26637578300222,202.1553563379581,2026-06-25 00:05:25.448059,NaN,NaN,NaN,-34.538654666666666,17.678499666666667
88.438,14.98396652247534,35.28913299838879,43.258644577460224,202.2379472395091,2026-06-25 00:05:25.398072,NaN,NaN,NaN,-34.538654666666666,17.678499666666667
88.656,14.97285481226178,35.288373949671886,43.24724201984645,202.30294090996725,2026-06-25 00:05:25.323091,NaN,NaN,NaN,-34.538654666666666,17.678499666666667
88.935,14.948681279118546,35.28670937032282,43.223857616369926,202.29063636671236,2026-06-25 00:05:25.148137,NaN,NaN,NaN,-34.538654666666666,17.678499666666667
88.994,14.948247391691833,35.286696151617974,43.22333351497171,202.17375061251184,2026-06-25 00:05:25.148137,NaN,NaN,NaN,-34.538654666666666,17.678499666666667
89.206,14.930329695168604,35.28536271752436,43.20676181371712,202.00525230999378,2026-06-25 00:05:24.998176,NaN,NaN,NaN,-34.538654666666666,17.678499666666667
89.557,14.91996402585049,35.284528324505224,43.196965545212635,202.08593879334575,2026-06-25 00:05:24.898202,NaN,NaN,NaN,-34.538654666666666,17.678499666666667
89.8395,14.915015710101663,35.284122921460366,43.19220368130913,202.1279002256199,2026-06-25 00:05:24.848215,NaN,NaN,NaN,-34.538654666666666,17.678499666666667
90.07700000000001,14.898416625397628,35.282776052409304,43.17585130327339,202.24092086216982,2026-06-25 00:05:24.673261,NaN,NaN,NaN,-34.538654666666666,17.678499666666667
90.4505,14.877468768427317,35.281361009655946,43.154123111749016,202.39441599396199,2026-06-25 00:05:24.473313,NaN,NaN,NaN,-34.538654666666666,17.678499666666667
90.71433333333334,14.852368154756315,35.28021997366955,43.12706378949044,202.3330176378173,2026-06-25 00:05:24.298358,NaN,NaN,NaN,-34.538654666666666,17.678499666666667
90.921,14.833486683044635,35.27960483057632,43.10613353129401,202.48410901351258,2026-06-25 00:05:24.198384,NaN,NaN,NaN,-34.538654666666666,17.678499666666667
91.10066666666667,14.795826903604334,35.27901727928186,43.06340374678362,202.6805730565731,2026-06-25 00:05:24.048423,NaN,NaN,NaN,-34.538654666666666,17.678499666666667
91.205,14.810154137668174,35.27874013898832,43.07958229419116,202.66128583475972,2026-06-25 00:05:24.098410,NaN,NaN,NaN,-34.538654666666666,17.678499666666667
91.46224999999998,14.749172219278742,35.2778511649544,43.012390923686226,203.05289355863417,2026-06-25 00:05:23.885966,NaN,NaN,NaN,-34.538654666666666,17.678499666666667
91.88300000000001,14.681356248396375,35.276602582744964,42.945142262699505,203.0475141881062,2026-06-25 00:05:23.638530,NaN,NaN,NaN,-34.538654666666666,17.678499666666667
92.06966666666666,14.643466179332762,35.27578764794348,42.90837134954851,202.99132417392875,2026-06-25 00:05:23.465242,NaN,NaN,NaN,-34.538654666666666,17.678499666666667
92.46375,14.604665601144717,35.27483606391965,42.86865685269553,203.10263760563726,2026-06-25 00:05:23.248632,NaN,NaN,NaN,-34.538654666666666,17.678499666666667
92.699,14.586530321557538,35.2743481754883,42.850491284980414,203.0524769772792,2026-06-25 00:05:23.131996,NaN,NaN,NaN,-34.538654666666666,17.678499666666667
92.8575,14.564831618248025,35.273706071886636,42.82927503421009,203.0871640141243,2026-06-25 00:05:22.973704,NaN,NaN,NaN,-34.538654666666666,17.678499666666667
93.102,14.539857007631547,35.27309503436789,42.8058805297826,203.42259562514505,2026-06-25 00:05:22.748762,NaN,NaN,NaN,-34.538654666666666,17.678499666666667
93.31833333333333,14.547058249756267,35.27284013233245,42.81257899293206,203.39351480325095,2026-06-25 00:05:22.815411,NaN,NaN,NaN,-34.538654666666666,17.678499666666667
93.45933333333333,14.53095880881626,35.272534265017065,42.79788453736654,203.41488221193765,2026-06-25 00:05:22.665451,NaN,NaN,NaN,-34.538654666666666,17.678499666666667
93.83266666666667,14.51031297508912,35.271868733707436,42.778681359603944,203.62506175026644,2026-06-25 00:05:22.482165,NaN,NaN,NaN,-34.538654666666666,17.678499666666667
94.084,14.503131961012816,35.27166153492598,42.77164045787748,203.7060485869234,2026-06-25 00:05:22.423847,NaN,NaN,NaN,-34.538654666666666,17.678499666666667
94.30699999999999,14.482523109855276,35.271138076693305,42.75016939059156,203.86482737795777,2026-06-25 00:05:22.273886,NaN,NaN,NaN,-34.538654666666666,17.678499666666667
94.492,14.46171352543736,35.27071232256976,42.72671036589668,204.32960685197008,2026-06-25 00:05:22.148919,NaN,NaN,NaN,-34.538654666666666,17.678499666666667
94.72833333333334,14.455212819727633,35.27060109787386,42.719154396455906,204.084856099538,2026-06-25 00:05:22.115594,NaN,NaN,NaN,-34.538654666666666,17.678499666666667
94.92,14.427406868244294,35.27012940678472,42.686947611766115,204.59527526359994,2026-06-25 00:05:21.973964,NaN,NaN,NaN,-34.538654666666666,17.678499666666667
95.01533333333334,14.401039122387663,35.26972143518748,42.65682643281423,204.80369281027146,2026-06-25 00:05:21.848997,NaN,NaN,NaN,-34.538654666666666,17.678499666666667
95.51100000000001,14.37099283445009,35.269239957813845,42.62450542709873,205.0194007601043,2026-06-25 00:05:21.699036,NaN,NaN,NaN,-34.538654666666666,17.678499666666667
95.696,14.346810180304217,35.268766703628835,42.60119714699258,205.15586257106926,2026-06-25 00:05:21.549075,NaN,NaN,NaN,-34.538654666666666,17.678499666666667
95.815,14.344727928764456,35.26868967032556,42.59968401317471,205.31688499062005,2026-06-25 00:05:21.524081,NaN,NaN,NaN,-34.538654666666666,17.678499666666667
96.084,14.336033599083152,35.26845633871697,42.592209289012715,205.22035755791768,2026-06-25 00:05:21.449101,NaN,NaN,NaN,-34.538654666666666,17.678499666666667
96.2585,14.326475066845823,35.26807239044892,42.58506934093006,205.27475004260015,2026-06-25 00:05:21.324134,NaN,NaN,NaN,-34.538654666666666,17.678499666666667
96.46,14.321066156116359,35.267694245625485,42.58176972622274,205.30907146506053,2026-06-25 00:05:21.199166,NaN,NaN,NaN,-34.538654666666666,17.678499666666667
96.90275,14.315350040593266,35.267173630767374,42.57773171033806,205.44098389941394,2026-06-25 00:05:21.024212,NaN,NaN,NaN,-34.538654666666666,17.678499666666667
97.165,14.306929478072098,35.26666250169355,42.5690200962907,205.72327563286552,2026-06-25 00:05:20.849257,NaN,NaN,NaN,-34.538654666666666,17.678499666666667
97.32233333333333,14.304165808092455,35.26656707973504,42.56575331526531,205.73840353279084,2026-06-25 00:05:20.815933,NaN,NaN,NaN,-34.538654666666666,17.678499666666667
97.515,14.289545731479325,35.26609172363389,42.54858346707738,205.8864717976988,2026-06-25 00:05:20.649309,NaN,NaN,NaN,-34.538654666666666,17.678499666666667
97.71600000000001,14.285939991405206,35.26599863639065,42.54460092631064,206.23690898636426,2026-06-25 00:05:20.615985,NaN,NaN,NaN,-34.538654666666666,17.678499666666667
97.98150000000001,14.271405864615815,35.26560394956604,42.52930092440073,206.33190011010646,2026-06-25 00:05:20.474355,NaN,NaN,NaN,-34.538654666666666,17.678499666666667
98.293,14.26042549746505,35.26517348349281,42.52132059294437,206.38138056594,2026-06-25 00:05:20.316063,NaN,NaN,NaN,-34.538654666666666,17.678499666666667
98.565,14.256549266804608,35.26499315790666,42.51912969482947,206.39973668485771,2026-06-25 00:05:20.249414,NaN,NaN,NaN,-34.538654666666666,17.678499666666667
98.67266666666666,14.2555979358725,35.26481740049644,42.51961836829433,206.36618205995873,2026-06-25 00:05:20.182764,NaN,NaN,NaN,-34.538654666666666,17.678499666666667
98.979,14.25356303048163,35.26446694192236,42.51989691638552,206.106172663122,2026-06-25 00:05:20.049466,NaN,NaN,NaN,-34.538654666666666,17.678499666666667
99.13933333333334,14.252107776284918,35.26416846033436,42.51828182722155,206.12763546687816,2026-06-25 00:05:19.932830,NaN,NaN,NaN,-34.538654666666666,17.678499666666667
99.30366666666667,14.248848116132288,35.26387505613784,42.51403748361656,206.16754015092442,2026-06-25 00:05:19.816193,NaN,NaN,NaN,-34.538654666666666,17.678499666666667
99.7065,14.241648511312153,35.2635262732381,42.50513141636645,206.2640352651789,2026-06-25 00:05:19.674564,NaN,NaN,NaN,-34.538654666666666,17.678499666666667
99.93866666666668,14.22922652163402,35.26314928675769,42.49140689716855,206.354073314607,2026-06-25 00:05:19.516271,NaN,NaN,NaN,-34.538654666666666,17.678499666666667
100.0835,14.22558672479563,35.26305235462539,42.48746983271414,206.5226876160859,2026-06-25 00:05:19.474616,NaN,NaN,NaN,-34.538654666666666,17.678499666666667
100.251,14.214355381872076,35.26276406662773,42.47534821137767,206.4709867550454,2026-06-25 00:05:19.349648,NaN,NaN,NaN,-34.538654666666666,17.678499666666667
100.44633333333333,14.20022218850117,35.26243239829427,42.459960136042525,206.56407745535356,2026-06-25 00:05:19.199687,NaN,NaN,NaN,-34.538654666666666,17.678499666666667
100.657,14.195715182056187,35.26232487571252,42.45510246454325,206.60964689605746,2026-06-25 00:05:19.149700,NaN,NaN,NaN,-34.538654666666666,17.678499666666667
100.9305,14.185797828787925,35.26127560353282,42.445577555209205,206.40373580658684,2026-06-25 00:05:18.599844,NaN,NaN,NaN,-34.538654666666666,17.678499666666667
101.10980000000002,14.176339553666935,35.261173795530816,42.43623989406309,206.42671749349364,2026-06-25 00:05:18.559854,NaN,NaN,NaN,-34.538654666666666,17.678499666666667
101.279,14.175046723754708,35.261173795530816,42.43468169909612,206.56354899283733,2026-06-25 00:05:18.489872,NaN,NaN,NaN,-34.538654666666666,17.678499666666667
